Operario;Partes;Ensayos
A;1;36,2
A;2;35,3
A;3;30,8
A;4;29,8
A;5;32
A;6;30,7
A;7;33,4
A;8;37,1
A;9;30,1
A;10;34,6
A;1;36,3
A;2;35
A;3;30,6
A;4;29,6
A;5;31,7
A;6;29,7
A;7;32,4
A;8;36,5
A;9;30,5
A;10;34,2
B;1;35,8
B;2;35,6
B;3;30,4
B;4;30,2
B;5;31,1
B;6;30,9
B;7;32,9
B;8;36,7
B;9;30
B;10;34
B;1;35
B;2;35,1
B;3;28,9
B;4;29,9
B;5;31,7
B;6;30,4
B;7;32,1
B;8;36,2
B;9;29,7
B;10;33,7
C;1;36,1
C;2;35,7
C;3;30,2
C;4;28,3
C;5;30,1
C;6;29,8
C;7;33,4
C;8;36
C;9;29,1
C;10;33,6
C;1;34,8
C;2;34,7
C;3;29,2
C;4;30,1
C;5;31,7
C;6;29,5
C;7;31,2
C;8;35,5
C;9;30,2
C;10;34,2
