Date;Value
June 30 2026;53,25
May 31 2026;49,58
April 30 2026;41,79
March 31 2026;40,6
February 28 2026;36,2
January 31 2026;24,63
December 31 2025;28,69
November 30 2025;25,94
October 31 2025;23,59
September 30 2025;25,15
August 31 2025;21,42
July 31 2025;20,87
June 30 2025;20,77
May 31 2025;18,57
April 30 2025;16,09
March 31 2025;20,71
February 28 2025;18,03
January 31 2025;16,65
December 31 2024;21,29
November 30 2024;20,71
October 31 2024;18,73
September 30 2024;19,07
August 31 2024;18,24
July 31 2024;14,42
June 30 2024;17,01
May 31 2024;14,79
April 30 2024;12,53
March 31 2024;14,37
February 29 2024;12,24
January 31 2024;11,73
December 31 2023;13,73
November 30 2023;13,43
October 31 2023;11,97
September 30 2023;13,14
August 31 2023;11,48
July 31 2023;10,75
June 30 2023;12,3
May 31 2023;9,946
April 30 2023;8,806
March 31 2023;10,43
February 28 2023;9,395
January 31 2023;9,003
December 31 2022;11,46
November 30 2022;11,06
October 31 2022;11,69
September 30 2022;13,77
August 31 2022;11,52
July 31 2022;10,8
June 30 2022;12,1
May 31 2022;12,61
